{"cameraMode":{"drawMode":0,"name":"Shaded","section":"Shading Mode"},"sceneLighting":true,"audioPlay":false,"sceneViewState":{"showFog":true,"showMaterialUpdate":false,"showSkybox":true,"showFlares":true,"showImageEffects":true,"showParticleSystems":true},"in2DMode":false,"pivot":{"x":-121.86921691894531,"y":29.913970947265626,"z":125.95989990234375},"rotation":{"x":-0.1557822972536087,"y":0.2623668611049652,"z":-0.042962606996297839,"w":-0.9513410925865173},"size":456.9754638671875,"orthographic":false}